<?xml version="1.0" encoding="UTF-8"?>
<!DOCTYPE mapper
  PUBLIC "-//mybatis.org//DTD Mapper 3.0//EN"
  "http://mybatis.org/dtd/mybatis-3-mapper.dtd">
 <mapper namespace="erp.board">
 	 <insert id="insert" parameterType="board">
 	 	insert into board values(board_seq.nextval,#{id},#{title},#{content},sysdate,#{category},0)
 	 </insert>
 	 <select id="list" resultType="board">
 	 	select * from board
 	 </select>
 	 <select id="category" parameterType="String" resultType="board">
 	 	select * from board where category=#{category}
 	 </select>
 	 <select id="read" resultType="board" parameterType="String">
 	 	select * from board where board_no=#{board_no}
 	 </select>
 	 <select id="dynamicsql" resultType="board" parameterType="Map">
 	 	select * from board
 	 	<where>
 	 		<if test="tag=='title' and search!=''">
 	 			title like '%' || #{search} || '%'
 	 		</if>
 	 		<if test="tag=='id' and search!=''">
 	 			id like '%' || #{search} || '%'
 	 		</if>
 	 		<if test="tag=='content' and search!=''">
 	 			content like '%' || #{search} || '%'
 	 		</if>
 	 		<if test="tag=='write_date' and search!=''">
 	 			<![CDATA[
 	 				to_date(write_date) <= #{search}
 	 			]]>	
 	 		</if>
 	 	</where>
 	 </select>
 </mapper>
 
 
 
 
 
 
 
 
 
 
 
 
 
 
 
 
 
 
 