<?xml version="1.0" encoding="UTF-8"?>
<!DOCTYPE tiles-definitions PUBLIC
       "-//Apache Software Foundation//DTD Tiles Configuration 3.0//EN"
       "http://tiles.apache.org/dtds/tiles-config_3_0.dtd">
<tiles-definitions>
	<definition name="product/list" extends="productmainTemplate">
		<put-attribute name="content" 
		                 value="/WEB-INF/product/prdlist.jsp"/>
	</definition>
	<definition name="product/read" extends="productmainTemplate">
		<put-attribute name="content" 
		                 value="/WEB-INF/product/product_read.jsp"/>
	</definition>
	<definition name="product/index" extends="productmainTemplate">
	</definition>
</tiles-definitions>














