<?xml version="1.0" encoding="UTF-8"?>
<!DOCTYPE configuration
  PUBLIC "-//mybatis.org//DTD Config 3.0//EN"
  "http://mybatis.org/dtd/mybatis-3-config.dtd">
<configuration>
	<typeAliases>
		<typeAlias type="multi.erp.emp.EmpVO" alias="emp"/>
		<typeAlias type="multi.erp.board.BoardVO" alias="board"/>
		<typeAlias type="multi.erp.product.ProductVO" alias="product"/>
		<typeAlias type="multi.erp.product.comment.ProductCommentVO" alias="procomment"/>
		<typeAlias type="multi.erp.product.comment.CommentResultVO" alias="commentresult"/>
	</typeAliases>
	<mappers>
		<mapper resource="mapper/emp.xml"/>
		<mapper resource="mapper/board.xml"/>
		<mapper resource="mapper/product.xml"/>
		<mapper resource="mapper/productComment.xml"/>
	</mappers>
</configuration>