<?xml version="1.0" encoding="UTF-8"?>
<!DOCTYPE tiles-definitions PUBLIC
       "-//Apache Software Foundation//DTD Tiles Configuration 3.0//EN"
       "http://tiles.apache.org/dtds/tiles-config_3_0.dtd">
<tiles-definitions>
	<!-- 게시판 관련 작업으로 response될 페이지를 등록하는 설정파일-->	
	<definition name="board/list" extends="mainTemplate">
		<put-attribute name="menu" value="/WEB-INF/menu/board_menu.jsp"></put-attribute>
		<put-attribute name="content" value="/WEB-INF/board/boardlist.jsp"></put-attribute>
	</definition>
	
	<definition name="board/insert" extends="mainTemplate">
		<put-attribute name="menu" value="/WEB-INF/menu/board_menu.jsp"></put-attribute>
		<put-attribute name="content" value="/WEB-INF/board/write.jsp"></put-attribute>
	</definition>
	<definition name="board/read" extends="mainTemplate">
		<put-attribute name="menu" value="/WEB-INF/menu/board_menu.jsp"></put-attribute>
		<put-attribute name="content" value="/WEB-INF/board/board_read.jsp"></put-attribute>
	</definition>
	<definition name="board/update" extends="mainTemplate">
		<put-attribute name="menu" value="/WEB-INF/menu/board_menu.jsp"></put-attribute>
		<put-attribute name="content" value="/WEB-INF/board/board_update.jsp"></put-attribute>
	</definition>
</tiles-definitions>








